Method,Score
0, 0.88837607
0, 0.87863248
0, 0.81312821
0, 0.856
0, 0.64307692
0, 0.58102564
0, 0.8385641
0, 0.50810256
0, 0.49702564
1, 0.88307692
1, 0.87760684
1, 0.828
1, 0.74205128
1, 0.56030769
1, 0.53169231
1, 0.70174359
1, 0.49774359
1, 0.50205128
2, 0.88752137
2, 0.87863248
2, 0.82584615
2, 0.856
2, 0.64061538
2, 0.5825641
2, 0.83979487
2, 0.50687179
2, 0.49415385
3, 0.88222222
3, 0.87811966
3, 0.83025641
3, 0.83610256
3, 0.62923077
3, 0.57220513
3, 0.81251282
3, 0.50266667
3, 0.49569231